{"train_loss": 8.965473175048828, "_timestamp": 1697882781.143635, "_runtime": 872.7991719245911, "_step": 8, "train/train_runtime": 433.4013, "train/train_samples_per_second": 0.023, "train/train_steps_per_second": 0.012, "train/total_flos": 34053512232960.0, "train/train_loss": 10.959610748291016, "train/epoch": 5.0, "train/global_step": 5, "eval/loss": 9.457623481750488, "eval/rouge1": 9.9248, "eval/rouge2": 0.0, "eval/rougeL": 8.782, "eval/rougeLsum": 8.782, "eval/gen_len": 250.0, "eval/runtime": 202.5375, "eval/samples_per_second": 0.01, "eval/steps_per_second": 0.005, "_wandb": {"runtime": 873}}