{"train_loss": 10.441812515258789, "_timestamp": 1697900320.821794, "_runtime": 1032.0813500881195, "_step": 5, "train/train_runtime": 255.0603, "train/train_samples_per_second": 0.016, "train/train_steps_per_second": 0.008, "train/total_flos": 13621404893184.0, "train/train_loss": 11.285253524780273, "train/epoch": 2.0, "train/global_step": 2, "eval/loss": 10.646889686584473, "eval/rouge1": 10.6912, "eval/rouge2": 0.5814, "eval/rougeL": 7.9856, "eval/rougeLsum": 10.6912, "eval/gen_len": 224.5, "eval/runtime": 123.1145, "eval/samples_per_second": 0.016, "eval/steps_per_second": 0.008, "_wandb": {"runtime": 1033}}