{"train_loss": 11.489808082580566, "_timestamp": 1697878368.342271, "_runtime": 50.90336799621582, "_step": 0}