{"train_loss": 12.5523681640625, "_timestamp": 1701417792.570646, "_runtime": 97.2014811038971, "_step": 0}