{"train_loss": 10.553742408752441, "_timestamp": 1697883970.612471, "_runtime": 220.34501814842224, "_step": 2}