{"train_loss": 12.627970695495605, "_timestamp": 1697886016.052278, "_runtime": 49.30243515968323, "_step": 0}