{"train_loss": 12.16832447052002, "_timestamp": 1697880876.881582, "_runtime": 129.50033807754517, "_step": 1}