{"train_loss": 11.489808082580566, "_timestamp": 1697892387.226814, "_runtime": 69.30304598808289, "_step": 0}