{"train_loss": 8.719114303588867, "_timestamp": 1697890862.239522, "_runtime": 1838.0776109695435, "_step": 4}