{"train_loss": 12.236534118652344, "_timestamp": 1701272035.484025, "_runtime": 170.2202570438385, "_step": 0}