{"train_loss": 10.798067092895508, "_timestamp": 1701276514.712712, "_runtime": 154.20007610321045, "_step": 1}