{"train_loss": 11.489808082580566, "_timestamp": 1701181190.615073, "_runtime": 51.36534905433655, "_step": 0}