{"train_loss": 10.646889686584473, "_timestamp": 1697898870.498751, "_runtime": 2231.260260820389, "_step": 4, "train/train_runtime": 250.3185, "train/train_samples_per_second": 0.016, "train/train_steps_per_second": 0.008, "train/total_flos": 13621404893184.0, "train/train_loss": 11.285253524780273, "train/epoch": 2.0, "train/global_step": 2, "eval/loss": 10.646889686584473, "eval/rouge1": 10.6912, "eval/rouge2": 0.5814, "eval/rougeL": 7.9856, "eval/rougeLsum": 10.6912, "eval/gen_len": 224.5, "eval/runtime": 1938.3729, "eval/samples_per_second": 0.001, "eval/steps_per_second": 0.001}